{"_runtime":222,"reward":0,"confidence":0.1041061282157898,"_timestamp":1.765397453033529e+09,"_step":11,"loss":0.0014108303003013134,"_wandb":{"runtime":222}}