{"_timestamp":1.7653971617468584e+09,"_runtime":479,"_wandb":{"runtime":479},"_step":21,"loss":0.0008212547982111573,"reward":0,"confidence":0}